asof_month,signal,hs300_ret,position,strategy_ret,buyhold_ret,strategy_nav,buyhold_nav
2018-08-01,1,-0.05206675920932602,0.0,-0.0,-0.05206675920932602,1.0,0.947933240790674
2018-09-01,1,0.031297308385294986,1.0,0.030297308385294985,0.031297308385294986,1.030297308385295,0.9776009997563718
2018-10-01,1,-0.08288839486283994,1.0,-0.08288839486283994,-0.08288839486283994,0.9448976182617336,0.8965692220702586
2018-11-01,1,0.005982263430763357,1.0,0.005982263430763357,0.005982263430763357,0.9505502447292762,0.9019327353405975
2018-12-01,0,-0.05107211861228167,1.0,-0.05107211861228167,-0.05107211861228167,0.9020036298835292,0.8558691197009828
2019-01-01,0,0.06343439000296947,0.0,-0.001,0.06343439000296947,0.9011016262536456,0.9101606552315931
2019-02-01,0,0.14609325928362193,0.0,0.0,0.14609325928362193,0.9011016262536456,1.0431289918260933
2019-03-01,1,0.055314945072314936,0.0,0.0,0.055314945072314936,0.9011016262536456,1.100829614712293
2019-04-01,1,0.01055433909358694,1.0,0.009554339093586939,0.01055433909358694,0.9097110567486557,1.1124481437502292
2019-05-01,0,-0.0724269659877782,1.0,-0.0724269659877782,-0.0724269659877782,0.843823444982815,1.0318768998796644
2019-06-01,0,0.05394197844557902,0.0,-0.001,0.05394197844557902,0.8429796215378322,1.087538381371464
2019-07-01,0,0.0025543792364413065,0.0,0.0,0.0025543792364413065,0.8429796215378322,1.0903163668316724
2019-08-01,0,-0.009327158161726246,0.0,-0.0,-0.009327158161726246,0.8429796215378322,1.0801468136319148
2019-09-01,0,0.0039325337023559115,0.0,0.0,0.0039325337023559115,0.8429796215378322,1.0843945273800146
2019-10-01,0,0.018933928391664745,0.0,0.0,0.018933928391664745,0.8429796215378322,1.104926375709741
2019-11-01,0,-0.014943325429561782,0.0,-0.0,-0.014943325429561782,0.8429796215378322,1.088415101301804
2019-12-01,0,0.06997493386086195,0.0,0.0,0.06997493386086195,0.8429796215378322,1.164576876028561
2020-01-01,0,-0.022623982627468564,0.0,-0.0,-0.022623982627468564,0.8429796215378322,1.1382295090169392
2020-02-01,0,-0.015947447252067426,0.0,-0.0,-0.015947447252067426,0.8429796215378322,1.120077653961145
2020-03-01,1,-0.06443930012037913,0.0,-0.0,-0.06443930012037913,0.8429796215378322,1.0479006338594126
2020-04-01,1,0.06142498077264791,1.0,0.06042498077264791,0.06142498077264791,0.8939166489609897,1.1122679101458726
2020-05-01,1,-0.011642965748661305,1.0,-0.011642965748661305,-0.011642965748661305,0.8835088080349788,1.099317812964709
2020-06-01,1,0.07678800979461453,1.0,0.07678800979461453,0.07678800979461453,0.951351691039997,1.1837322399540373
2020-07-01,1,0.127542409108244,1.0,0.127542409108244,0.127542409108244,1.07268937762444,1.3347083015768733
2020-08-01,1,0.025807840860345044,1.0,0.025807840860345044,0.025807840860345044,1.100373174374754,1.3691542410189506
2020-09-01,1,-0.04751033747455202,1.0,-0.04751033747455202,-0.04751033747455202,1.0480940735122655,1.304105260973426
2020-10-01,1,0.023529475879011885,1.0,0.023529475879011885,0.023529475879011885,1.0727551777339077,1.3347901742551929
2020-11-01,1,0.056421545304338405,1.0,0.056421545304338405,0.056421545304338405,1.133281682594885,1.410101098543718
2020-12-01,1,0.05060972708644629,1.0,0.05060972708644629,0.05060972708644629,1.1906367592630809,1.4814659303053135
2021-01-01,1,0.026994472960528704,1.0,0.026994472960528704,0.026994472960528704,1.2227773710668197,1.5214573223028847
2021-02-01,1,-0.002840825752784215,1.0,-0.002840825752784215,-0.002840825752784215,1.2193036736211713,1.5171351271599245
2021-03-01,1,-0.054040268994620666,1.0,-0.054040268994620666,-0.054040268994620666,1.1534121751125541,1.4351487367870142
2021-04-01,1,0.014881661592742512,1.0,0.014881661592742512,0.014881661592742512,1.1705768647795283,1.4565061346231305
2021-05-01,1,0.040613144675434976,1.0,0.040613144675434976,0.040613144675434976,1.2181176723425364,1.5156594289892382
2021-06-01,1,-0.020168355662590898,1.0,-0.020168355662590898,-0.020168355662590898,1.1935502418878448,1.485091070562024
2021-07-01,1,-0.07903287895328537,1.0,-0.07903287895328537,-0.07903287895328537,1.0992205300960582,1.3677200477476905
2021-08-01,0,-0.0011556440533176948,1.0,-0.0011556440533176948,-0.0011556440533176948,1.097950222427168,1.3661394502079076
2021-09-01,0,0.012646261348715493,0.0,-0.001,0.012646261348715493,1.096852272204741,1.3834160067340273
2021-10-01,0,0.008710165229494082,0.0,0.0,0.008710165229494082,1.096852272204741,1.3954657887338076
2021-11-01,0,-0.015634059041267023,0.0,-0.0,-0.015634059041267023,1.096852272204741,1.373648994202675
2021-12-01,1,0.022422685639522655,0.0,0.0,0.022422685639522655,1.096852272204741,1.4044498937787282
2022-01-01,0,-0.07622926447051659,1.0,-0.07722926447051659,-0.07622926447051659,1.012143177989554,1.2973897113902806
2022-02-01,0,0.003916497143152675,0.0,-0.001,0.003916497143152675,1.0111310348115645,1.3024709344884964
2022-03-01,0,-0.07836681402273327,0.0,-0.0,-0.07836681402273327,1.0111310348115645,1.2004004369954209
2022-04-01,0,-0.048869451666829655,0.0,-0.0,-0.048869451666829655,1.0111310348115645,1.141737525858832
2022-05-01,0,0.018743148132793763,0.0,0.0,0.018743148132793763,1.0111310348115645,1.1631372814347736
2022-06-01,0,0.0961728629814167,0.0,0.0,0.0961728629814167,1.0111310348115645,1.2749995238307776
2022-07-01,0,-0.0702136516499069,0.0,-0.0,-0.0702136516499069,1.0111310348115645,1.1854771514107263
2022-08-01,0,-0.021884836390092977,0.0,-0.0,-0.021884836390092977,1.0111310348115645,1.159533177907909
2022-09-01,0,-0.06716492924458917,0.0,-0.0,-0.06716492924458917,1.0111310348115645,1.0816532140569706
2022-10-01,0,-0.07784256291583058,0.0,-0.0,-0.07784256291583058,1.0111310348115645,0.9974545556886305
2022-11-01,0,0.09813711790368118,0.0,0.0,0.09813711790368118,1.0111310348115645,1.0953418710238096
2022-12-01,0,0.004826582251870493,0.0,0.0,0.004826582251870493,1.0111310348115645,1.1006286286582239
2023-01-01,0,0.07367018679968207,0.0,0.0,0.07367018679968207,1.0111310348115645,1.181712145328553
2023-02-01,1,-0.02102525513260267,0.0,-0.0,-0.02102525513260267,1.0111310348115645,1.156866345979725
2023-03-01,1,-0.004554168011030479,1.0,-0.005554168011030479,-0.004554168011030479,1.005515043163054,1.1515977822738264
2023-04-01,1,-0.005391359901415149,1.0,-0.005391359901415149,-0.005391359901415149,1.0000939496790748,1.1453891041679167
2023-05-01,0,-0.0572196771178376,1.0,-0.0572196771178376,-0.0572196771178376,0.9428688967909352,1.0798503094531393
2023-06-01,0,0.011559432129635061,0.0,-0.001,0.011559432129635061,0.9419260278941443,1.0923327658154283
2023-07-01,0,0.04480940815916501,0.0,0.0,0.04480940815916501,0.9419260278941443,1.1412795505644815
2023-08-01,1,-0.06211332053016094,0.0,-0.0,-0.06211332053016094,0.9419260278941443,1.0703908880257518
2023-09-01,0,-0.020118355453051517,1.0,-0.02111835545305152,-0.020118355453051517,0.9220340992265948,1.0488563836667422
2023-10-01,0,-0.03171444934391143,0.0,-0.001,-0.03171444934391143,0.9211120651273682,1.0155924810179051
2023-11-01,0,-0.02135839659891403,0.0,-0.0,-0.02135839659891403,0.9211120651273682,0.9939010540254496
2023-12-01,0,-0.018618198085179838,0.0,-0.0,-0.018618198085179838,0.9211120651273682,0.9753964073245347
2024-01-01,0,-0.06288285715118436,0.0,-0.0,-0.06288285715118436,0.9211120651273682,0.9140606943769676
2024-02-01,0,0.09352972862691256,0.0,0.0,0.09352972862691256,0.9211120651273682,0.9995525430705726
2024-03-01,1,0.0060866026200177,0.0,0.0,0.0060866026200177,0.9211120651273682,1.0056364221980714
2024-04-01,1,0.018914573182521766,1.0,0.017914573182521765,0.018914573182521766,0.9376133946273961,1.0246576059007462
2024-05-01,0,-0.006788658509585654,1.0,-0.006788658509585654,-0.006788658509585654,0.9312482574772574,1.0177015553250364
2024-06-01,0,-0.03303644629426594,0.0,-0.001,-0.03303644629426594,0.9303170092197801,0.9840803125489499
2024-07-01,0,-0.005654228596305266,0.0,-0.0,-0.005654228596305266,0.9303170092197801,0.9785160975046746
2024-08-01,0,-0.0350520208106484,0.0,-0.0,-0.0350520208106484,0.9303170092197801,0.9442171308913863
2024-09-01,0,0.20967552549623192,0.0,0.0,0.20967552549623192,0.9303170092197801,1.142196353993582
2024-10-01,0,-0.03156286127797048,0.0,-0.0,-0.03156286127797048,0.9303170092197801,1.106145368920279
2024-11-01,0,0.006564568855627284,0.0,0.0,0.006564568855627284,0.9303170092197801,1.1134067363588893
2024-12-01,0,0.004679589325695455,0.0,0.0,0.004679589325695455,0.9303170092197801,1.1186170226375118
2025-01-01,0,-0.029945022898866136,0.0,-0.0,-0.029945022898866136,0.9303170092197801,1.0851200102795702
2025-02-01,0,0.019116445031280405,0.0,0.0,0.019116445031280405,0.9303170092197801,1.105863647308422
2025-03-01,1,-0.0007051325060429825,0.0,-0.0,-0.0007051325060429825,0.9303170092197801,1.1050838669034535
2025-04-01,0,-0.030029794412891664,1.0,-0.031029794412891665,-0.030029794412891664,0.9014494636848741,1.0718984255713395
2025-05-01,0,0.018474920641992965,0.0,-0.001,0.018474920641992965,0.9005480142211892,1.0917016639200472
2025-06-01,0,0.02495864833166328,0.0,0.0,0.02495864833166328,0.9005480142211892,1.1189490618329192
2025-07-01,0,0.03544441054155656,0.0,0.0,0.03544441054155656,0.9005480142211892,1.1586095517556148
2025-08-01,0,0.10333912308668847,0.0,0.0,0.10333912308668847,0.9005480142211892,1.2783392468339012
2025-09-01,0,0.032008608866963995,0.0,0.0,0.032008608866963995,0.9005480142211892,1.319257107785097
